{"name":"78698a03-8389-446d-8386-f8c65248d565","id":"/providers/Microsoft.Flow/flows/78698a03-8389-446d-8386-f8c65248d565","type":"Microsoft.Flow/flows","properties":{"apiId":"/providers/Microsoft.PowerApps/apis/shared_logicflows","displayName":"#Live#1Michiel-TeamsFlow","definition":{"metadata":{"workflowEntityId":null,"processAdvisorMetadata":null,"flowclientsuspensionreason":"None","flowclientsuspensiontime":null,"creator":{"id":"6bc5bf6e-47bf-47a3-978b-a851970adb23","type":"User","tenantId":"2db9f31d-46e6-4598-ae57-f9a21c19b55a"},"provisioningMethod":"FromDefinition","failureAlertSubscription":true,"clientLastModifiedTime":"2023-01-18T14:08:30.9080803Z","flowclientsuspensionreasondetails":null},"$schema":"https://schema.management.azure.com/providers/Microsoft.Logic/schemas/2016-06-01/workflowdefinition.json#","contentVersion":"1.0.0.0","parameters":{"$connections":{"defaultValue":{},"type":"Object"},"$authentication":{"defaultValue":{},"type":"SecureObject"}},"triggers":{"When_a_file_is_created_(properties_only)":{"recurrence":{"frequency":"Minute","interval":1},"splitOn":"@triggerOutputs()?['body/value']","metadata":{"operationMetadataId":"f646d4a9-8e43-4e20-956a-f56258f6eb53"},"type":"OpenApiConnection","inputs":{"host":{"apiId":"/providers/Microsoft.PowerApps/apis/shared_sharepointonline","connectionName":"shared_sharepointonline_1","operationId":"GetOnNewFileItems"},"parameters":{"dataset":"https://m365x10348663.sharepoint.com/sites/PowerAutomateTest","table":"d576bc69-1905-4f05-8946-e80adb48050c"},"authentication":"@parameters('$authentication')"}}},"actions":{"Condition":{"actions":{"Get_my_profile_(V2)":{"runAfter":{},"metadata":{"operationMetadataId":"c3bbdd6b-4155-4e34-a65e-e918c103b5e6"},"type":"OpenApiConnection","inputs":{"host":{"apiId":"/providers/Microsoft.PowerApps/apis/shared_office365users","connectionName":"shared_office365users_1","operationId":"MyProfile_V2"},"parameters":{"$select":"mail"},"authentication":"@parameters('$authentication')"}},"Get_file_metadata":{"runAfter":{"Get_my_profile_(V2)":["Succeeded"]},"metadata":{"operationMetadataId":"39fc144d-dc38-4996-aa3d-df8801dd6fcf"},"type":"OpenApiConnection","inputs":{"host":{"apiId":"/providers/Microsoft.PowerApps/apis/shared_sharepointonline","connectionName":"shared_sharepointonline_1","operationId":"GetFileMetadata"},"parameters":{"dataset":"https://m365x10348663.sharepoint.com/sites/PowerAutomateTest","id":"@triggerOutputs()?['body/{Identifier}']"},"authentication":"@parameters('$authentication')"}},"Start_and_wait_for_an_approval":{"runAfter":{"Get_file_metadata_3":["Succeeded"]},"metadata":{"operationMetadataId":"d8a16a71-a4fe-448e-a342-8a0bdbe8f60d"},"type":"OpenApiConnectionWebhook","inputs":{"host":{"apiId":"/providers/Microsoft.PowerApps/apis/shared_approvals","connectionName":"shared_approvals_1","operationId":"StartAndWaitForAnApproval"},"parameters":{"approvalType":"BasicAwaitAll","WebhookApprovalCreationInput/title":"Michiel Review Invoice @{outputs('Get_file_metadata')?['body/DisplayName']}","WebhookApprovalCreationInput/assignedTo":"admin@M365x10348663.onmicrosoft.com","WebhookApprovalCreationInput/itemLink":"@triggerOutputs()?['body/{Link}']","WebhookApprovalCreationInput/requestor":"admin@M365x10348663.onmicrosoft.com","WebhookApprovalCreationInput/enableNotifications":true,"WebhookApprovalCreationInput/enableReassignment":true},"authentication":"@parameters('$authentication')"}},"Condition_2":{"actions":{"Condition_3":{"actions":{"Apply_to_each_3":{"foreach":"@outputs('Start_and_wait_for_an_approval_2')?['body/responses']","actions":{"Set_content_approval_status_3":{"runAfter":{},"metadata":{"operationMetadataId":"0ed3c4ff-e513-4e76-81d4-d1aeade35614"},"type":"OpenApiConnection","inputs":{"host":{"apiId":"/providers/Microsoft.PowerApps/apis/shared_sharepointonline","connectionName":"shared_sharepointonline_1","operationId":"SetApprovalStatus"},"parameters":{"dataset":"https://m365x10348663.sharepoint.com/sites/PowerAutomateTest","table":"d576bc69-1905-4f05-8946-e80adb48050c","id":"@outputs('Get_file_metadata_4')?['body/ItemId']","approvalAction":"Approve","comments":"","entityTag":"@outputs('Get_file_metadata_4')?['body/ETag']"},"authentication":"@parameters('$authentication')"}},"Update_file_properties_5":{"runAfter":{"Set_content_approval_status_3":["Succeeded"]},"metadata":{"operationMetadataId":"e65f9812-aec9-4267-965d-296cfe22420c"},"type":"OpenApiConnection","inputs":{"host":{"apiId":"/providers/Microsoft.PowerApps/apis/shared_sharepointonline","connectionName":"shared_sharepointonline_1","operationId":"PatchFileItem"},"parameters":{"dataset":"https://m365x10348663.sharepoint.com/sites/PowerAutomateTest","table":"d576bc69-1905-4f05-8946-e80adb48050c","id":"@outputs('Get_file_metadata_4')?['body/ItemId']","item/OData__ExtendedDescription":"Jeffrey  has approved the Invoice"},"authentication":"@parameters('$authentication')"}}},"runAfter":{},"metadata":{"operationMetadataId":"43f98a4d-3035-4b03-9c71-103e6395bdc2"},"type":"Foreach"},"Get_file_metadata_5":{"runAfter":{"Apply_to_each_3":["Succeeded"]},"metadata":{"operationMetadataId":"b3dcd6d0-c4bd-465d-9fc4-abf43a0a8409"},"type":"OpenApiConnection","inputs":{"host":{"apiId":"/providers/Microsoft.PowerApps/apis/shared_sharepointonline","connectionName":"shared_sharepointonline_1","operationId":"GetFileMetadata"},"parameters":{"dataset":"https://m365x10348663.sharepoint.com/sites/PowerAutomateTest","id":"@outputs('Update_file_properties_2')?['body/{Identifier}']"},"authentication":"@parameters('$authentication')"}},"Apply_to_each_6":{"foreach":"@outputs('Start_and_wait_for_an_approval_2')?['body/responses']","actions":{"Set_content_approval_status_5":{"runAfter":{},"metadata":{"operationMetadataId":"18dfd908-9392-42b6-ac8a-0ab4af4ae80e"},"type":"OpenApiConnection","inputs":{"host":{"apiId":"/providers/Microsoft.PowerApps/apis/shared_sharepointonline","connectionName":"shared_sharepointonline_1","operationId":"SetApprovalStatus"},"parameters":{"dataset":"https://m365x10348663.sharepoint.com/sites/PowerAutomateTest","table":"d576bc69-1905-4f05-8946-e80adb48050c","id":"@outputs('Get_file_metadata_5')?['body/ItemId']","approvalAction":"Approve","comments":"@items('Apply_to_each_6')?['comments']","entityTag":"@outputs('Get_file_metadata_5')?['body/ETag']"},"authentication":"@parameters('$authentication')"}}},"runAfter":{"Get_file_metadata_5":["Succeeded"]},"metadata":{"operationMetadataId":"5a0e3ba6-9e91-4677-8732-6137be6e0fe0"},"type":"Foreach"}},"runAfter":{"Start_and_wait_for_an_approval_2":["Succeeded"]},"else":{"actions":{"Apply_to_each_2":{"foreach":"@outputs('Start_and_wait_for_an_approval_2')?['body/responses']","actions":{"Set_content_approval_status_2":{"runAfter":{},"metadata":{"operationMetadataId":"3ada0ffe-af39-47c2-b8a4-2a087a35bcc0"},"type":"OpenApiConnection","inputs":{"host":{"apiId":"/providers/Microsoft.PowerApps/apis/shared_sharepointonline","connectionName":"shared_sharepointonline_1","operationId":"SetApprovalStatus"},"parameters":{"dataset":"https://m365x10348663.sharepoint.com/sites/PowerAutomateTest","table":"d576bc69-1905-4f05-8946-e80adb48050c","id":"@outputs('Get_file_metadata_4')?['body/ItemId']","approvalAction":"Reject","comments":"","entityTag":"@outputs('Get_file_metadata_4')?['body/ETag']"},"authentication":"@parameters('$authentication')"}},"Update_file_properties_3":{"runAfter":{"Set_content_approval_status_2":["Succeeded"]},"metadata":{"operationMetadataId":"cb20f759-324a-4379-94b2-8793ae717b2a"},"type":"OpenApiConnection","inputs":{"host":{"apiId":"/providers/Microsoft.PowerApps/apis/shared_sharepointonline","connectionName":"shared_sharepointonline_1","operationId":"PatchFileItem"},"parameters":{"dataset":"https://m365x10348663.sharepoint.com/sites/PowerAutomateTest","table":"d576bc69-1905-4f05-8946-e80adb48050c","id":"@outputs('Get_file_metadata_4')?['body/ItemId']","item/OData__ExtendedDescription":"Jeffrey has declined the Invoice"},"authentication":"@parameters('$authentication')"}}},"runAfter":{},"metadata":{"operationMetadataId":"c530f316-50d9-4fa1-b272-be74eef65816"},"type":"Foreach"},"Get_file_metadata_6":{"runAfter":{"Apply_to_each_2":["Succeeded"]},"metadata":{"operationMetadataId":"9c376e25-2e1b-43d6-9276-997b78722343"},"type":"OpenApiConnection","inputs":{"host":{"apiId":"/providers/Microsoft.PowerApps/apis/shared_sharepointonline","connectionName":"shared_sharepointonline_1","operationId":"GetFileMetadata"},"parameters":{"dataset":"https://m365x10348663.sharepoint.com/sites/PowerAutomateTest","id":"@outputs('Update_file_properties_2')?['body/{Identifier}']"},"authentication":"@parameters('$authentication')"}},"Apply_to_each_7":{"foreach":"@outputs('Start_and_wait_for_an_approval_2')?['body/responses']","actions":{"Set_content_approval_status_6":{"runAfter":{},"metadata":{"operationMetadataId":"e618788e-d04c-4aab-95b3-68646367b544"},"type":"OpenApiConnection","inputs":{"host":{"apiId":"/providers/Microsoft.PowerApps/apis/shared_sharepointonline","connectionName":"shared_sharepointonline_1","operationId":"SetApprovalStatus"},"parameters":{"dataset":"https://m365x10348663.sharepoint.com/sites/PowerAutomateTest","table":"d576bc69-1905-4f05-8946-e80adb48050c","id":"@outputs('Get_file_metadata_6')?['body/ItemId']","approvalAction":"Reject","comments":"@items('Apply_to_each_7')?['comments']","entityTag":"@outputs('Get_file_metadata_6')?['body/ETag']"},"authentication":"@parameters('$authentication')"}}},"runAfter":{"Get_file_metadata_6":["Succeeded"]},"metadata":{"operationMetadataId":"1dd88274-e73a-42bc-bd28-9e553a9664ef"},"type":"Foreach"}}},"expression":{"startsWith":["@outputs('Start_and_wait_for_an_approval_2')?['body/outcome']","Approve"]},"metadata":{"operationMetadataId":"b174d1c2-90ed-445e-a66f-1163d5fdc98f"},"type":"If"},"Start_and_wait_for_an_approval_2":{"runAfter":{"Get_file_metadata_4":["Succeeded"]},"metadata":{"operationMetadataId":"832ae098-a48c-4c4a-ad82-26b1eda1473d"},"type":"OpenApiConnectionWebhook","inputs":{"host":{"apiId":"/providers/Microsoft.PowerApps/apis/shared_approvals","connectionName":"shared_approvals_1","operationId":"StartAndWaitForAnApproval"},"parameters":{"approvalType":"BasicAwaitAll","WebhookApprovalCreationInput/title":"Wendy Review Invoice@{outputs('Get_file_metadata')?['body/DisplayName']}","WebhookApprovalCreationInput/assignedTo":"admin@M365x10348663.onmicrosoft.com","WebhookApprovalCreationInput/itemLink":"@triggerOutputs()?['body/{Link}']","WebhookApprovalCreationInput/requestor":"admin@M365x10348663.onmicrosoft.com","WebhookApprovalCreationInput/enableNotifications":true,"WebhookApprovalCreationInput/enableReassignment":true},"authentication":"@parameters('$authentication')"}},"Apply_to_each_4":{"foreach":"@outputs('Start_and_wait_for_an_approval')?['body/responses']","actions":{"Update_file_properties_4":{"runAfter":{},"metadata":{"operationMetadataId":"472a7689-84e8-43ff-bf72-19b27dabdab0"},"type":"OpenApiConnection","inputs":{"host":{"apiId":"/providers/Microsoft.PowerApps/apis/shared_sharepointonline","connectionName":"shared_sharepointonline_1","operationId":"PatchFileItem"},"parameters":{"dataset":"https://m365x10348663.sharepoint.com/sites/PowerAutomateTest","table":"d576bc69-1905-4f05-8946-e80adb48050c","id":"@outputs('Get_file_metadata_3')?['body/ItemId']","item/OData__ExtendedDescription":"Michiel has approved waiting for Jeffrey"},"authentication":"@parameters('$authentication')"}},"Set_content_approval_status_7":{"runAfter":{"Update_file_properties_4":["Succeeded"]},"metadata":{"operationMetadataId":"8e86830e-84b2-437a-8313-76b99503c8a0"},"type":"OpenApiConnection","inputs":{"host":{"apiId":"/providers/Microsoft.PowerApps/apis/shared_sharepointonline","connectionName":"shared_sharepointonline_1","operationId":"SetApprovalStatus"},"parameters":{"dataset":"https://m365x10348663.sharepoint.com/sites/PowerAutomateTest","table":"d576bc69-1905-4f05-8946-e80adb48050c","id":"@outputs('Update_file_properties_4')?['body/ID']","approvalAction":"Submit","comments":"@items('Apply_to_each_4')?['comments']","entityTag":"@outputs('Get_file_metadata_3')?['body/ETag']"},"authentication":"@parameters('$authentication')"}}},"runAfter":{},"metadata":{"operationMetadataId":"d29b3350-b2e2-46fc-bbfb-5125749e02c4"},"type":"Foreach"},"Get_file_metadata_4":{"runAfter":{"Apply_to_each_4":["Succeeded"]},"metadata":{"operationMetadataId":"3c1a5972-7b0d-4447-8eed-ff3742230c26"},"type":"OpenApiConnection","inputs":{"host":{"apiId":"/providers/Microsoft.PowerApps/apis/shared_sharepointonline","connectionName":"shared_sharepointonline_1","operationId":"GetFileMetadata"},"parameters":{"dataset":"https://m365x10348663.sharepoint.com/sites/PowerAutomateTest","id":"@outputs('Update_file_properties_2')?['body/{Identifier}']"},"authentication":"@parameters('$authentication')"}}},"runAfter":{"Start_and_wait_for_an_approval":["Succeeded"]},"else":{"actions":{"Apply_to_each":{"foreach":"@outputs('Start_and_wait_for_an_approval')?['body/responses']","actions":{"Set_content_approval_status":{"runAfter":{},"metadata":{"operationMetadataId":"dd870f77-46b6-4bda-ae08-7c99867ce328"},"type":"OpenApiConnection","inputs":{"host":{"apiId":"/providers/Microsoft.PowerApps/apis/shared_sharepointonline","connectionName":"shared_sharepointonline_1","operationId":"SetApprovalStatus"},"parameters":{"dataset":"https://m365x10348663.sharepoint.com/sites/PowerAutomateTest","table":"d576bc69-1905-4f05-8946-e80adb48050c","id":"@outputs('Get_file_metadata_3')?['body/ItemId']","approvalAction":"Reject","comments":"","entityTag":"@outputs('Get_file_metadata_3')?['body/ETag']"},"authentication":"@parameters('$authentication')"}},"Update_file_properties":{"runAfter":{"Set_content_approval_status":["Succeeded"]},"metadata":{"operationMetadataId":"b45b8cdc-baf7-4c22-860c-90c20a8a4588"},"type":"OpenApiConnection","inputs":{"host":{"apiId":"/providers/Microsoft.PowerApps/apis/shared_sharepointonline","connectionName":"shared_sharepointonline_1","operationId":"PatchFileItem"},"parameters":{"dataset":"https://m365x10348663.sharepoint.com/sites/PowerAutomateTest","table":"d576bc69-1905-4f05-8946-e80adb48050c","id":"@outputs('Get_file_metadata_3')?['body/ItemId']","item/OData__ExtendedDescription":"Michiel has declined the Invoice"},"authentication":"@parameters('$authentication')"}}},"runAfter":{},"metadata":{"operationMetadataId":"e88e7308-759f-48ce-9b75-e6a4e9de9d2b"},"type":"Foreach"},"Get_file_metadata_2":{"runAfter":{"Apply_to_each":["Succeeded"]},"metadata":{"operationMetadataId":"c1a1f316-05a3-49d7-ad0c-97ae7eaf28af"},"type":"OpenApiConnection","inputs":{"host":{"apiId":"/providers/Microsoft.PowerApps/apis/shared_sharepointonline","connectionName":"shared_sharepointonline_1","operationId":"GetFileMetadata"},"parameters":{"dataset":"https://m365x10348663.sharepoint.com/sites/PowerAutomateTest","id":"@triggerOutputs()?['body/{Identifier}']"},"authentication":"@parameters('$authentication')"}},"Apply_to_each_5":{"foreach":"@outputs('Start_and_wait_for_an_approval')?['body/responses']","actions":{"Set_content_approval_status_4":{"runAfter":{},"metadata":{"operationMetadataId":"21de5151-c40a-4578-8285-1faf18505936"},"type":"OpenApiConnection","inputs":{"host":{"apiId":"/providers/Microsoft.PowerApps/apis/shared_sharepointonline","connectionName":"shared_sharepointonline_1","operationId":"SetApprovalStatus"},"parameters":{"dataset":"https://m365x10348663.sharepoint.com/sites/PowerAutomateTest","table":"d576bc69-1905-4f05-8946-e80adb48050c","id":"@outputs('Get_file_metadata_2')?['body/ItemId']","approvalAction":"Reject","comments":"@items('Apply_to_each_5')?['comments']","entityTag":"@outputs('Get_file_metadata_2')?['body/ETag']"},"authentication":"@parameters('$authentication')"}}},"runAfter":{"Get_file_metadata_2":["Succeeded"]},"metadata":{"operationMetadataId":"0e17b1b4-9d8c-4be4-8806-a365d70ab7a6"},"type":"Foreach"}}},"expression":{"startsWith":["@outputs('Start_and_wait_for_an_approval')?['body/outcome']","Approve"]},"metadata":{"operationMetadataId":"dff43922-7f91-4bb8-b6b5-4fce9daf7bd3"},"type":"If"},"Get_file_metadata_3":{"runAfter":{"Update_file_properties_2":["Succeeded"]},"metadata":{"operationMetadataId":"ff1ad475-8d71-45e3-bbe2-42da41eb762c"},"type":"OpenApiConnection","inputs":{"host":{"apiId":"/providers/Microsoft.PowerApps/apis/shared_sharepointonline","connectionName":"shared_sharepointonline_1","operationId":"GetFileMetadata"},"parameters":{"dataset":"https://m365x10348663.sharepoint.com/sites/PowerAutomateTest","id":"@outputs('Update_file_properties_2')?['body/{Identifier}']"},"authentication":"@parameters('$authentication')"}},"Update_file_properties_2":{"runAfter":{"Get_file_metadata":["Succeeded"]},"metadata":{"operationMetadataId":"06d041b5-5303-47e8-af9f-bc9953e1dc18"},"type":"OpenApiConnection","inputs":{"host":{"apiId":"/providers/Microsoft.PowerApps/apis/shared_sharepointonline","connectionName":"shared_sharepointonline_1","operationId":"PatchFileItem"},"parameters":{"dataset":"https://m365x10348663.sharepoint.com/sites/PowerAutomateTest","table":"d576bc69-1905-4f05-8946-e80adb48050c","id":"@outputs('Get_file_metadata')?['body/ItemId']"},"authentication":"@parameters('$authentication')"}}},"runAfter":{},"expression":{"equals":["@triggerOutputs()?['body/{IsFolder}']","@false"]},"metadata":{"operationMetadataId":"dc2d20ba-94d4-4060-b0da-e2e3804e2b9f"},"type":"If"}}},"connectionReferences":{"shared_office365users_1":{"connectionName":"shared-office365user-ef0b2b32-2496-417a-aa26-a7cef27a6c7f","source":"Embedded","id":"/providers/Microsoft.PowerApps/apis/shared_office365users","tier":"NotSpecified"},"shared_sharepointonline_1":{"connectionName":"0d771439e0c24ae8b7ed46dc0b5b7efe","source":"Embedded","id":"/providers/Microsoft.PowerApps/apis/shared_sharepointonline","tier":"NotSpecified"},"shared_approvals_1":{"connectionName":"shared-approvals-d5c1bf9f-ef64-4d55-b98c-5159df88f5cf","source":"Embedded","id":"/providers/Microsoft.PowerApps/apis/shared_approvals","tier":"NotSpecified"}},"flowFailureAlertSubscribed":false,"isManaged":false}}