{"name":"187d7546-a2b1-4c32-afc2-3dd638102254","id":"/providers/Microsoft.Flow/flows/187d7546-a2b1-4c32-afc2-3dd638102254","type":"Microsoft.Flow/flows","properties":{"apiId":"/providers/Microsoft.PowerApps/apis/shared_logicflows","displayName":"Round Robin  - Flags","definition":{"metadata":{"workflowEntityId":null,"processAdvisorMetadata":null,"flowclientsuspensionreason":"None","flowclientsuspensiontime":null,"flowclientsuspensionreasondetails":null,"creator":{"id":"6bc5bf6e-47bf-47a3-978b-a851970adb23","type":"User","tenantId":"2db9f31d-46e6-4598-ae57-f9a21c19b55a"},"provisioningMethod":"FromDefinition","failureAlertSubscription":true,"clientLastModifiedTime":"2023-01-17T16:45:47.0740031Z"},"$schema":"https://schema.management.azure.com/providers/Microsoft.Logic/schemas/2016-06-01/workflowdefinition.json#","contentVersion":"1.0.0.0","parameters":{"$connections":{"defaultValue":{},"type":"Object"},"$authentication":{"defaultValue":{},"type":"SecureObject"}},"triggers":{"When_a_new_email_arrives_in_a_shared_mailbox_(V2)":{"recurrence":{"frequency":"Minute","interval":1},"splitOn":"@triggerOutputs()?['body/value']","metadata":{"operationMetadataId":"feb3e9c9-838b-42d2-af26-9c75f9be2273"},"type":"OpenApiConnection","inputs":{"host":{"apiId":"/providers/Microsoft.PowerApps/apis/shared_office365","connectionName":"shared_office365","operationId":"SharedMailboxOnNewEmailV2"},"parameters":{"mailboxAddress":"RoundRobinTest@Juhlen.one;","folderId":"Inbox","importance":"Any","hasAttachments":false,"includeAttachments":false},"authentication":"@parameters('$authentication')"},"runtimeConfiguration":{"concurrency":{"runs":1}}}},"actions":{"EmailList":{"runAfter":{},"metadata":{"operationMetadataId":"22007346-5c72-4c5c-b0e9-1f9cc2291549"},"type":"OpenApiConnection","inputs":{"host":{"apiId":"/providers/Microsoft.PowerApps/apis/shared_sharepointonline","connectionName":"shared_sharepointonline","operationId":"GetItems"},"parameters":{"dataset":"https://m365x10348663.sharepoint.com/sites/PowerAutomateTest","table":"9c3e5d11-5bec-4d20-8268-796ff4d643cf"},"authentication":"@parameters('$authentication')"}},"GetCounter":{"runAfter":{"EmailList":["Succeeded"]},"metadata":{"operationMetadataId":"5f22be6b-c978-422a-9245-7fa08e2f80b2"},"type":"OpenApiConnection","inputs":{"host":{"apiId":"/providers/Microsoft.PowerApps/apis/shared_sharepointonline","connectionName":"shared_sharepointonline","operationId":"GetItem"},"parameters":{"dataset":"https://m365x10348663.sharepoint.com/sites/PowerAutomateTest","table":"71fcf92d-be57-4bf1-b3f9-77bd8966f73d","id":1,"view":"1a196faf-b97d-4fe6-96e9-5a8052f5759f"},"authentication":"@parameters('$authentication')"}},"Initialize_Team_Member":{"runAfter":{"GetCounter":["Succeeded"]},"metadata":{"operationMetadataId":"4406a271-2769-4e7b-a9d8-eaaaa44aa07d"},"type":"InitializeVariable","inputs":{"variables":[{"name":"TeamMembers","type":"array"}]}},"Initalize_NextCounter":{"runAfter":{"Initialize_Counter":["Succeeded"]},"metadata":{"operationMetadataId":"881ee9dd-dd66-4587-a015-c249a13d884b"},"type":"InitializeVariable","inputs":{"variables":[{"name":"NextCounter","type":"integer"}]}},"Initialize_Counter":{"runAfter":{"Initialize_Team_Member":["Succeeded"]},"metadata":{"operationMetadataId":"179c2abf-8f1a-467a-9d4a-399d0d01c773"},"type":"InitializeVariable","inputs":{"variables":[{"name":"Counter","type":"integer","value":"@int(add(outputs('GetCounter')?['body/Count'],1))"}]}},"Apply_to_each_2":{"foreach":"@outputs('EmailList')?['body/value']","actions":{"Append_to_array_variable":{"runAfter":{},"metadata":{"operationMetadataId":"2a878584-bc6e-4a80-a915-df38503dbbf3"},"type":"AppendToArrayVariable","inputs":{"name":"TeamMembers","value":"@items('Apply_to_each_2')?['Lastname']"}}},"runAfter":{"Initalize_NextCounter":["Succeeded"]},"metadata":{"operationMetadataId":"a5256423-e6bb-40f3-8378-9cfd9ea22405"},"type":"Foreach"},"Condition":{"actions":{"Set_variable":{"runAfter":{},"metadata":{"operationMetadataId":"dd67c0ef-7f3b-4956-903d-8b67e480d338"},"type":"SetVariable","inputs":{"name":"NextCounter","value":1}},"Update_item":{"runAfter":{"Set_variable":["Succeeded"]},"metadata":{"operationMetadataId":"b27cd7cd-1273-4b0b-a843-464497857923"},"type":"OpenApiConnection","inputs":{"host":{"apiId":"/providers/Microsoft.PowerApps/apis/shared_sharepointonline","connectionName":"shared_sharepointonline","operationId":"PatchItem"},"parameters":{"dataset":"https://m365x10348663.sharepoint.com/sites/PowerAutomateTest","table":"71fcf92d-be57-4bf1-b3f9-77bd8966f73d","id":1,"view":"1a196faf-b97d-4fe6-96e9-5a8052f5759f","item/Title":"@outputs('GetCounter')?['body/Title']","item/Count":1},"authentication":"@parameters('$authentication')"}}},"runAfter":{"Apply_to_each_2":["Succeeded"]},"else":{"actions":{"Set_variable_2":{"runAfter":{},"metadata":{"operationMetadataId":"75598c24-0bfb-4f4e-850a-982405dbe0bc"},"type":"SetVariable","inputs":{"name":"NextCounter","value":"@variables('Counter')"}},"Update_item_2":{"runAfter":{"Set_variable_2":["Succeeded"]},"metadata":{"operationMetadataId":"e4b5c5b4-b018-4da1-bbe7-abd055c8c766"},"type":"OpenApiConnection","inputs":{"host":{"apiId":"/providers/Microsoft.PowerApps/apis/shared_sharepointonline","connectionName":"shared_sharepointonline","operationId":"PatchItem"},"parameters":{"dataset":"https://m365x10348663.sharepoint.com/sites/PowerAutomateTest","table":"71fcf92d-be57-4bf1-b3f9-77bd8966f73d","id":1,"view":"1a196faf-b97d-4fe6-96e9-5a8052f5759f","item/Title":"@outputs('GetCounter')?['body/Title']","item/Count":"@add(outputs('GetCounter')?['body/Count'],1)"},"authentication":"@parameters('$authentication')"}}}},"expression":{"greaterOrEquals":["@variables('Counter')","@length(variables('TeamMembers'))"]},"metadata":{"operationMetadataId":"aa16d2d2-0e83-4d76-9f6d-a822ff9e23ee"},"type":"If"},"Initialize_variable_2":{"runAfter":{"Condition":["Succeeded"]},"metadata":{"operationMetadataId":"7a3ab02e-1ca5-4422-8d9b-2ee8725e266b"},"type":"InitializeVariable","inputs":{"variables":[{"name":"FinalEmail","type":"string","value":"@{variables('TeamMembers')?[variables('NextCounter')]}"}]}},"Switch":{"runAfter":{"Initialize_variable_2":["Succeeded"]},"cases":{"Case":{"case":1,"actions":{"Invoke_an_HTTP_request":{"runAfter":{},"type":"OpenApiConnection","inputs":{"host":{"apiId":"/providers/Microsoft.PowerApps/apis/shared_webcontents","connectionName":"shared_webcontents","operationId":"InvokeHttp"},"parameters":{"request/method":"PATCH","request/url":"https://graph.microsoft.com/v1.0/users/RoundRobinTest@Juhlen.one/messages/@{triggerOutputs()?['body/id']}","request/body":"{\n\"categories\": [\n\"Lucifer\"\n]\n}"},"authentication":"@parameters('$authentication')"}}}},"Case_2":{"case":2,"actions":{"Invoke_an_HTTP_request_2":{"runAfter":{},"type":"OpenApiConnection","inputs":{"host":{"apiId":"/providers/Microsoft.PowerApps/apis/shared_webcontents","connectionName":"shared_webcontents","operationId":"InvokeHttp"},"parameters":{"request/method":"PATCH","request/url":"https://graph.microsoft.com/v1.0/users/RoundRobinTest@Juhlen.one/messages/@{triggerOutputs()?['body/id']}","request/body":"{\n\"categories\": [\n\"Lucifer2\"\n]\n}"},"authentication":"@parameters('$authentication')"}}}},"Case_3":{"case":3,"actions":{"Invoke_an_HTTP_request_3":{"runAfter":{},"type":"OpenApiConnection","inputs":{"host":{"apiId":"/providers/Microsoft.PowerApps/apis/shared_webcontents","connectionName":"shared_webcontents","operationId":"InvokeHttp"},"parameters":{"request/method":"PATCH","request/url":"https://graph.microsoft.com/v1.0/users/RoundRobinTest@Juhlen.one/messages/@{triggerOutputs()?['body/id']}","request/body":"{\n\"categories\": [\n\"Lucifer3\"\n]\n}"},"authentication":"@parameters('$authentication')"}}}}},"default":{"actions":{}},"expression":"@variables('NextCounter')","metadata":{"operationMetadataId":"18a476a8-c748-47fb-ac05-b9387a3c4dd8"},"type":"Switch"}},"outputs":{}},"connectionReferences":{"shared_sharepointonline":{"connectionName":"0d771439e0c24ae8b7ed46dc0b5b7efe","source":"Embedded","id":"/providers/Microsoft.PowerApps/apis/shared_sharepointonline","tier":"NotSpecified"},"shared_webcontents":{"connectionName":"shared-webcontents-4b87ef0a-f969-43e0-b62b-96710e2ee904","source":"Embedded","id":"/providers/Microsoft.PowerApps/apis/shared_webcontents","tier":"NotSpecified"},"shared_office365":{"connectionName":"shared-office365-99cf4934-3355-4f87-b194-b258d6500e6e","source":"Embedded","id":"/providers/Microsoft.PowerApps/apis/shared_office365","tier":"NotSpecified"}},"flowFailureAlertSubscribed":false,"isManaged":false}}